{
  "image": "/home/seuauto/moka/vision_yolo/output/capture_tmp/tea_20260605_214922_362843.jpg",
  "detections": [
    {
      "class_id": 0,
      "class_name": "cup",
      "confidence": 0.9880390763282776,
      "xyxy": [
        255.75405883789062,
        156.95701599121094,
        405.3981628417969,
        355.7607421875
      ],
      "center_px": [
        330.57611083984375,
        256.35887908935547
      ]
    },
    {
      "class_id": 2,
      "class_name": "water_bottle",
      "confidence": 0.9640411734580994,
      "xyxy": [
        410.556396484375,
        1.3361892700195312,
        559.6189575195312,
        250.9703369140625
      ],
      "center_px": [
        485.0876770019531,
        126.15326309204102
      ]
    },
    {
      "class_id": 1,
      "class_name": "tea_can",
      "confidence": 0.9419680833816528,
      "xyxy": [
        54.04181671142578,
        261.308349609375,
        220.88043212890625,
        360.0
      ],
      "center_px": [
        137.46112442016602,
        310.6541748046875
      ]
    }
  ]
}